lokacija,naziv_gc,tip_zdenca,status_odrz,aktivan_da_ne,teren_dane,vlasnik_ki,odrzava_ki,zkc_oznaka,broj_vodomjera,napomena_teren,pozicija_tocnost,lon,lat
Britanski trg,Gornji grad - Medveščak,Viktorija zdenac,u funkciji,DA,uređena lokacija,GRAD ZAGREB,"Gradski ured za obnovu, izgradnju, prostorno uređenje, graditeljstvo i komunalne poslove",CENTAR 1321,5359811385,sjeverno od javnog WC-a,GNSS,15.9648762099405,45.8127489060025
Britanski trg kod kbr.3,Gornji grad - Medveščak,Viktorija zdenac,u funkciji,DA,uređena lokacija,GRAD ZAGREB,"Gradski ured za obnovu, izgradnju, prostorno uređenje, graditeljstvo i komunalne poslove",CENTAR 1321,53226703067,preko puta kbr 3 Britanski trg,GNSS,15.9646075599351,45.8130087320327
"Park Ribnjak-sjever, kod kbr. 44",Gornji grad - Medveščak,Viktorija zdenac,u funkciji,DA,uređena lokacija,GRAD ZAGREB,"Gradski ured za obnovu, izgradnju, prostorno uređenje, graditeljstvo i komunalne poslove",GRAD ZAGREB neusklađeno,2463902,izvorno SKI lokacija,GNSS,15.9799902557234,45.817800368029
"Trg Josipa Jurja Strossmayera, park",Donji grad,Viktorija zdenac,u funkciji,DA,uređena lokacija,GRAD ZAGREB,"Gradski ured za obnovu, izgradnju, prostorno uređenje, graditeljstvo i komunalne poslove",CENTAR NOVI 2494/1,2463906,jugoistočno od Strossmayerovog kipa,GNSS,15.9787781177477,45.8083910878058
"Trg kralja Tomislava, središnji ulaz u park",Donji grad,Viktorija zdenac,u funkciji,DA,uređena lokacija,GRAD ZAGREB,"Gradski ured za obnovu, izgradnju, prostorno uređenje, graditeljstvo i komunalne poslove",CENTAR NOVI 2491,2463945,"istočna strana Tomislavovog trga, uz središnji ulaz u park ",GNSS,15.9791262464878,45.8062177967157
Trg kralja Petra Krešimira IV kod kbr. 14,Donji grad,Viktorija zdenac,u funkciji,DA,uređena lokacija,GRAD ZAGREB,"Gradski ured za obnovu, izgradnju, prostorno uređenje, graditeljstvo i komunalne poslove",CENTAR NOVI 7017,2570485,"Trg kralja Petra Krešimira IV kod kbr 14, južni dio parka k(Kraljice Jelene)",GNSS,15.9898020584852,45.8072128568808
"Avenija Većeslava Holjevca, kod raskrižja ulica Trnjanske ledine II i III",Trnje,Viktorija zdenac,u funkciji,DA,uređena lokacija,GRAD ZAGREB,"Gradski ured za obnovu, izgradnju, prostorno uređenje, graditeljstvo i komunalne poslove",TRNJE D 5673,018H761440,raskrižje ulica Trnjanske Ledine II i III,GNSS,15.978853278151,45.793235575586
Bednjanska kod kbr. 13,Trnje,Viktorija zdenac,u funkciji,DA,uređena lokacija,GRAD ZAGREB,"Gradski ured za obnovu, izgradnju, prostorno uređenje, graditeljstvo i komunalne poslove",TRNJE 5506/1,2247974,uz istocnu ogradu kbr 13 (Bednjanska ulica),GNSS,15.9729793891764,45.8028110274557
Koranska kod kbr. 26,Trnje,Viktorija zdenac,u funkciji,DA,uređena lokacija,GRAD ZAGREB,"Gradski ured za obnovu, izgradnju, prostorno uređenje, graditeljstvo i komunalne poslove",TRNJE 5513/1,291420,kucni broj 28-26 Koranska ulica ,GNSS,15.9676265670713,45.8006156773045
Prisavlje - kod kbr. 12,Trnje,Viktorija zdenac,u funkciji,DA,uređena lokacija,GRAD ZAGREB,"Gradski ured za obnovu, izgradnju, prostorno uređenje, graditeljstvo i komunalne poslove",GRAD ZAGREB 4189/3,2478164,"uz nasip, juzno od parkiralista (jugoistocno od nebodera kbr 12 Prisavlje)",GNSS,15.9663742455045,45.7895942402791
Prisavlje - uz ogradu gradskih vrtova,Trnje,Viktorija zdenac,u funkciji,DA,uređena lokacija,GRAD ZAGREB,"Gradski ured za obnovu, izgradnju, prostorno uređenje, graditeljstvo i komunalne poslove",TRNJE 5439/6,2463939,uz jugostočni rub ograde gradskih vrtova,GNSS,15.9990504686487,45.7886087196558
Prisavlje uz nasip (Boćarski dom -dječje igralište),Trnje,Viktorija zdenac,u funkciji,DA,uređena lokacija,GRAD ZAGREB,"Gradski ured za obnovu, izgradnju, prostorno uređenje, graditeljstvo i komunalne poslove",GRAD ZAGREB 4189/3,2521412,sjeverozapadni ulaz u dječji park ,GNSS,15.9623321836134,45.7893084554774
Veslačka - uz stepenice prema nasipu,Trnje,Viktorija zdenac,u funkciji,DA,uređena lokacija,GRAD ZAGREB,"Gradski ured za obnovu, izgradnju, prostorno uređenje, graditeljstvo i komunalne poslove",TRNJE 5647/3,2463941,Veslačka uz stepenice prema nasipu,GNSS,15.9563789287343,45.7867088311897
Vrbanjska kod kbr. 3,Trnje,Viktorija zdenac,u funkciji,DA,uređena lokacija,GRAD ZAGREB,"Gradski ured za obnovu, izgradnju, prostorno uređenje, graditeljstvo i komunalne poslove",TRNJE 1400/1,2305149,uz zapadnu ogradu kbr 3 (Vrbanjska ulica),GNSS,15.9797463326101,45.7966068778458
"Zrmanjska, križanje s Ličkom ulicom",Trnje,Viktorija zdenac,u funkciji,DA,uređena lokacija,GRAD ZAGREB,"Gradski ured za obnovu, izgradnju, prostorno uređenje, graditeljstvo i komunalne poslove",TRNJE 5533,2292389,"križanje Zrmanjske i Ličke ulice, ispred kbr 40 Lička ",GNSS,15.9750239682075,45.7950696676288
"Savska cesta - Koturaška cesta 75, park pored OŠ",Trnje,Viktorija zdenac,u funkciji,DA,uređena lokacija,GRAD ZAGREB,"Gradski ured za obnovu, izgradnju, prostorno uređenje, graditeljstvo i komunalne poslove",TRNJE 804,2625471,krizanje Savska /Koturaška pored OŠ Tin Ujević,GNSS,15.9643792872577,45.8021333408459
"Kninski trg, dječje igralište",Trnje,Viktorija zdenac,u funkciji,DA,uređena lokacija,GRAD ZAGREB,"Gradski ured za obnovu, izgradnju, prostorno uređenje, graditeljstvo i komunalne poslove",TRNJE 4443,2672179,južna strana dječjeg igrališta ,GNSS,15.9672607669497,45.7958436786777
"Novska kod kbr. 30 , dječje igralište uz nasip",Trnje,Viktorija zdenac,u funkciji,DA,uređena lokacija,GRAD ZAGREB,"Gradski ured za obnovu, izgradnju, prostorno uređenje, graditeljstvo i komunalne poslove",TRNJE 5663/1,2463947,"uz nasip , južno od Novske ulice br.30",GNSS,15.990257333668,45.789817120721
"Hrvatske bratske zajednice, park za pse",Trnje,Viktorija zdenac,u funkciji,DA,uređena lokacija,GRAD ZAGREB,"Gradski ured za obnovu, izgradnju, prostorno uređenje, graditeljstvo i komunalne poslove",TRNJE 1290,2599252,"u ogradjenom parku, sjeveroistočni ugao NSB-a ",GNSS,15.9783496899083,45.7975929775927
"Maksimirski perivoj, sjeverno od Vidikovca",Maksimir,Viktorija zdenac,u funkciji,DA,uređena lokacija,GRAD ZAGREB,"Gradski ured za obnovu, izgradnju, prostorno uređenje, graditeljstvo i komunalne poslove",GRAD ZAGREB 7787/2,2608768,sjeverno od Vidikovca,GNSS,16.0214887598717,45.8250184482294
"Maksimirski perivoj, kod zapadnog ulaza Prilesje",Maksimir,Viktorija zdenac,u funkciji,DA,uređena lokacija,GRAD ZAGREB,"Gradski ured za obnovu, izgradnju, prostorno uređenje, graditeljstvo i komunalne poslove",GRAD ZAGREB 7787/2,2608770,"unutar parka, zapadni ulaz Prilesje, pored Sokolske mogile",GNSS,16.0150497931735,45.8234028787798
"Maksimirski perivoj, kod IV jezera",Maksimir,Viktorija zdenac,u funkciji,DA,uređena lokacija,GRAD ZAGREB,"Gradski ured za obnovu, izgradnju, prostorno uređenje, graditeljstvo i komunalne poslove",GRAD ZAGREB 7776/16,2652802,"juzno od IV. jezera, sjeverno od kbr 29",GNSS,16.0276351132429,45.8297397701395
"Križanje ulica Vinec i Črešnjevec, dječje igralište",Maksimir,Viktorija zdenac,u funkciji,DA,uređena lokacija,GRAD ZAGREB,"Gradski ured za obnovu, izgradnju, prostorno uređenje, graditeljstvo i komunalne poslove",REMETE 453,2705329,u djecjem parku na krizanju ulice Vinec i ulice Črešnjevec,GNSS,15.9916525248824,45.852954431874
"Gračansko dolje, kod kbr. 43",Podsljeme,Viktorija zdenac,u funkciji,DA,uređena lokacija,GRAD ZAGREB,"Gradski ured za obnovu, izgradnju, prostorno uređenje, graditeljstvo i komunalne poslove",REMETE 3725/1,21906942,zapadno od kbr 43 Gračansko dolje ,GNSS,15.9764550378225,45.8604832525182
Lukšić gornji ispred kbr. 30A,Črnomerec,Viktorija zdenac,u funkciji,DA,uređena lokacija,GRAD ZAGREB,"Gradski ured za obnovu, izgradnju, prostorno uređenje, graditeljstvo i komunalne poslove",ŠESTINE 3770/1,1905178,ispred kbr 30A Lukšić Gornji,GNSS,15.9391974387911,45.8548759532494
Talani - sjeverno od kbr 37A,Črnomerec,Viktorija zdenac,u funkciji,DA,uređena lokacija,GRAD ZAGREB,"Gradski ured za obnovu, izgradnju, prostorno uređenje, graditeljstvo i komunalne poslove",ŠESTINE 2954,2166809,Ulica Talani - zapadno od trafostanice,GNSS,15.9262397118216,45.8496357937088
"Krapinska, park za pse",Trešnjevka - sjever,Viktorija zdenac,u funkciji,DA,uređena lokacija,GRAD ZAGREB,"Gradski ured za obnovu, izgradnju, prostorno uređenje, graditeljstvo i komunalne poslove",TREŠNJEVKA NOVA 546,2714456,zapadni ulaz u park za pse,GNSS,15.9442041419982,45.8057738559292
Ulica Jankomir kod kbr. 8,Stenjevec,Viktorija zdenac,u funkciji,DA,uređena lokacija,GRAD ZAGREB,"Gradski ured za obnovu, izgradnju, prostorno uređenje, graditeljstvo i komunalne poslove",JANKOMIR 5/430,2247847,"ulica Jankomir, sjeverno od kucnog broja  8",GNSS,15.878040624451,45.8097714842882
Park Lujze Janović Wagner,Podsused - Vrapče,Viktorija zdenac,u funkciji,DA,uređena lokacija,GRAD ZAGREB,"Gradski ured za obnovu, izgradnju, prostorno uređenje, graditeljstvo i komunalne poslove",STENJEVEC 226/6,2692507,sjeveroistočni ulaz u park,GNSS,15.8883130162897,45.8163535781341
"Ulica Sigetje - Gajnice, park za pse",Podsused - Vrapče,Viktorija zdenac,u funkciji,DA,uređena lokacija,GRAD ZAGREB,"Gradski ured za obnovu, izgradnju, prostorno uređenje, graditeljstvo i komunalne poslove",STENJEVEC 1305,2521444,unutar parka za pse,GNSS,15.8761625709167,45.8140000118856
"Park 101. brigade Hrvatske vojske, dječji park",Podsused - Vrapče,Viktorija zdenac,u funkciji,DA,uređena lokacija,GRAD ZAGREB,"Gradski ured za obnovu, izgradnju, prostorno uređenje, graditeljstvo i komunalne poslove",STENJEVEC 1005,2705364,ulaz u djecji park,GNSS,15.8745822480561,45.8162324023095
"Male Putine kod kbr. 11, dječji park",Podsused - Vrapče,Viktorija zdenac,u funkciji,DA,uređena lokacija,GRAD ZAGREB,"Gradski ured za obnovu, izgradnju, prostorno uređenje, graditeljstvo i komunalne poslove",GORNJI STENJEVEC 816/1,2701780,"ispred kbr 11 Male Putine , ulaz u dječji park",GNSS,15.8869700898375,45.8203587986857
"Ulica Majke Terezije - Vrapče, dječji park južno od bolnice",Podsused - Vrapče,Viktorija zdenac,u funkciji,DA,uređena lokacija,GRAD ZAGREB,"Gradski ured za obnovu, izgradnju, prostorno uređenje, graditeljstvo i komunalne poslove",VRAPČE NOVO 1441,2603663,"ispod bolnice, sjeveroistocno od kosarkaskog igralista. nasuprot ulice Majke Terezije 12",GNSS,15.8982395031405,45.8146439498289
Donje Svetice kod kbr. 103,Peščenica - Žitnjak,Viktorija zdenac,u funkciji,DA,uređena lokacija,GRAD ZAGREB,"Gradski ured za obnovu, izgradnju, prostorno uređenje, graditeljstvo i komunalne poslove",GRAD ZAGREB 7609/29,1729666,peko puta LIDL trgovine,GNSS,16.0151600068769,45.8020471465137
Granešinska - Tenjska južno od kbr. 1,Peščenica - Žitnjak,Viktorija zdenac,u funkciji,DA,uređena lokacija,GRAD ZAGREB,"Gradski ured za obnovu, izgradnju, prostorno uređenje, graditeljstvo i komunalne poslove",GRAD ZAGREB neusklađeno,1973217,južno od kbr 1 Tenjska ulica; izvorno SKI lokacija,GNSS,16.0144980688456,45.8135293907602
Kozari I. odvojak južno od igrališta,Peščenica - Žitnjak,Viktorija zdenac,u funkciji,DA,uređena lokacija,GRAD ZAGREB,"Gradski ured za obnovu, izgradnju, prostorno uređenje, graditeljstvo i komunalne poslove",RESNIK 1319/1,2692432,sjeverna strana Kozari I. odvojak (juzno od igralista),GNSS,16.0558930681627,45.7933790430586
Ulica Damira Tomljanovića Gavrana-park Bundek,Novi Zagreb - istok,Viktorija zdenac,u funkciji,DA,uređena lokacija,GRAD ZAGREB,"Gradski ured za obnovu, izgradnju, prostorno uređenje, graditeljstvo i komunalne poslove",ZAPRUDSKI OTOK 217/1,2620530,Bundek park,GNSS,15.9890741336705,45.7838885937373
Obala 8. svibnja 1945.-park Bundek,Novi Zagreb - istok,Viktorija zdenac,u funkciji,DA,uređena lokacija,GRAD ZAGREB,"Gradski ured za obnovu, izgradnju, prostorno uređenje, graditeljstvo i komunalne poslove",ZAPRUDSKI OTOK 217/1,2616805,izvorno SKI lokacija,GNSS,15.9839066195966,45.7874002125688
Ulica Damira Tomljanovića Gavrana-park Bundek,Novi Zagreb - istok,Viktorija zdenac,u funkciji,DA,uređena lokacija,GRAD ZAGREB,"Gradski ured za obnovu, izgradnju, prostorno uređenje, graditeljstvo i komunalne poslove",ZAPRUDSKI OTOK 217/1,2616639,izvorno SKI lokacija,GNSS,15.9833563641285,45.783931141148
Ulica Damira Tomljanovića Gavrana-park Bundek,Novi Zagreb - istok,Viktorija zdenac,u funkciji,DA,uređena lokacija,GRAD ZAGREB,"Gradski ured za obnovu, izgradnju, prostorno uređenje, graditeljstvo i komunalne poslove",ZAPRUDSKI OTOK 217/1,2620533,izvorno SKI lokacija,GNSS,15.9867354480099,45.7842108306981
Obala 8. svibnja 1945.-park Bundek,Novi Zagreb - istok,Viktorija zdenac,u funkciji,DA,uređena lokacija,GRAD ZAGREB,"Gradski ured za obnovu, izgradnju, prostorno uređenje, graditeljstvo i komunalne poslove",ZAPRUDSKI OTOK 27/1,5417710370,juzno od nasipa,GNSS,16.0003289528959,45.7837230278524
Mali potok kod kbr. 6,Črnomerec,Viktorija zdenac,u funkciji,DA,uređena lokacija,GRAD ZAGREB,"Gradski ured za obnovu, izgradnju, prostorno uređenje, graditeljstvo i komunalne poslove",ŠESTINE 3895,2238180,ulica Mali potok između kbr 4 i kbr 6,GNSS,15.9344708593094,45.8534052037957
Ulica Savezne Republike Njemačke - Ulica Zulejke Stefanini Tućan,Novi Zagreb - istok,Viktorija zdenac,u funkciji,DA,uređena lokacija,GRAD ZAGREB,"Gradski ured za obnovu, izgradnju, prostorno uređenje, graditeljstvo i komunalne poslove",ZAPRUDSKI OTOK 710/93,2597074,jugoistocni ulaz u park za pse ,GNSS,15.9918730072515,45.7752464281576
"Ulica Savezne Republike Njemačke kod kbr. 6, dječje igralište",Novi Zagreb - istok,Viktorija zdenac,u funkciji,DA,uređena lokacija,GRAD ZAGREB,"Gradski ured za obnovu, izgradnju, prostorno uređenje, graditeljstvo i komunalne poslove",ZAPRUDSKI OTOK 480,2684482,"zapadni dio zgrade Ulica Savezne Republike Njemacke , br.6. ulaz u park",GNSS,15.989064084306,45.7791967402493
"Stonska ulica, dječje igralište",Novi Zagreb - istok,Viktorija zdenac,u funkciji,DA,uređena lokacija,GRAD ZAGREB,"Gradski ured za obnovu, izgradnju, prostorno uređenje, graditeljstvo i komunalne poslove",ZAPRUDSKI OTOK 433/1,2684475,jugoistocni ulaz djecjeg igralista ,GNSS,15.9856573996059,45.7804246822206
"Meštrovićev trg, uz košarkaško igralište",Novi Zagreb - istok,Viktorija zdenac,u funkciji,DA,uređena lokacija,GRAD ZAGREB,"Gradski ured za obnovu, izgradnju, prostorno uređenje, graditeljstvo i komunalne poslove",ZAPRUDSKI OTOK 500/1,2692576,"juzno od kosarkaskog igralista, uz pješačku stazu",GNSS,15.9956385351386,45.7804561756988
"Remetinečka cesta, južni ulaz Savskog mosta",Novi Zagreb - zapad,Viktorija zdenac,u funkciji,DA,uređena lokacija,GRAD ZAGREB,"Gradski ured za obnovu, izgradnju, prostorno uređenje, graditeljstvo i komunalne poslove",KLARA D 3448/3,5417710360,juzni ulaz Savskog mosta,GNSS,15.9548260231856,45.7829741476441
Park poginulih dragovoljaca Trnovčice - Trutina ulica,Gornja Dubrava,Ostalo,u funkciji,DA,uređena lokacija,GRAD ZAGREB,"Gradski ured za obnovu, izgradnju, prostorno uređenje, graditeljstvo i komunalne poslove",DUBRAVA 2613,2518112,istočni dio Trutinine ulice ,GNSS,16.0723426156874,45.8364061306854
Park poginulih dragovoljaca Trnovčice - Ulica Izidora Poljaka,Gornja Dubrava,Ostalo,u funkciji,DA,uređena lokacija,GRAD ZAGREB,"Gradski ured za obnovu, izgradnju, prostorno uređenje, graditeljstvo i komunalne poslove",DUBRAVA 2613,2518163,jugoistocni dio parka,GNSS,16.0723713691762,45.8357042033357
"Bistrička ulica, na stazi uz potok Vuger",Sesvete,Viktorija zdenac,u funkciji,DA,uređena lokacija,GRAD ZAGREB,"Gradski ured za obnovu, izgradnju, prostorno uređenje, graditeljstvo i komunalne poslove",SESVETE NOVO 7255/1,2596882,uz istočnu stranu potoka,GNSS,16.1068113383191,45.8318122242657
"Jelkovečka cesta 4, sajmište",Sesvete,Viktorija zdenac,u funkciji,DA,uređena lokacija,GRAD ZAGREB,"Gradski ured za obnovu, izgradnju, prostorno uređenje, graditeljstvo i komunalne poslove",SESVETE NOVO 2461/1,20H761433,sredina prostora za sajam (Sesvete),GNSS,16.1139675432054,45.8209038680242
Terminal Črnomerec-jug,Črnomerec,Viktorija zdenac,u funkciji,DA,uređena lokacija,GRAD ZAGREB,"Gradski ured za obnovu, izgradnju, prostorno uređenje, graditeljstvo i komunalne poslove",VRAPČE NOVO 6887,Nije utvrđen vodomjer,juzni terminali okretista Črnomerec,GNSS,15.9340400932208,45.8154603260234
Terminal Črnomerec-sjever,Črnomerec,Viktorija zdenac,u funkciji,DA,uređena lokacija,GRAD ZAGREB,"Gradski ured za obnovu, izgradnju, prostorno uređenje, graditeljstvo i komunalne poslove",VRAPČE NOVO 6887,Nije utvrđen vodomjer,juzni terminali okretista Črnomerec,GNSS,15.9345326451306,45.8159034391736
"Remetinečki gaj 20C, uz park",Novi Zagreb - zapad,Viktorija zdenac,u funkciji,DA,uređena lokacija,GRAD ZAGREB,"Gradski ured za obnovu, izgradnju, prostorno uređenje, graditeljstvo i komunalne poslove",BLATO NOVO D 1074,5359811451,jugoistocni ugao zgrade br. 20C (uz park),GNSS,15.9493332418667,45.7692898101725
"Bolnička cesta, park kod kbr. 96 i OŠ Stenjevec",Podsused - Vrapče,Viktorija zdenac,u funkciji,DA,uređena lokacija,GRAD ZAGREB,"Gradski ured za obnovu, izgradnju, prostorno uređenje, graditeljstvo i komunalne poslove",GORNJI STENJEVEC 944,2362800,zapadni dio ulaska u park,GNSS,15.8819953201191,45.8195492416244
Trg Otokara Keršovanija kod kbr. 17,Maksimir,Viktorija zdenac,u funkciji,DA,uređena lokacija,GRAD ZAGREB,"Gradski ured za obnovu, izgradnju, prostorno uređenje, graditeljstvo i komunalne poslove",CENTAR 4550/1,1908359,Trg Otokara Keršovanija 17,GNSS,15.9985337976992,45.8173118238236
Park Zlate Bartl nasuprot kbr. 11,Gornja Dubrava,Viktorija zdenac,u funkciji,DA,uređena lokacija,GRAD ZAGREB,"Gradski ured za obnovu, izgradnju, prostorno uređenje, graditeljstvo i komunalne poslove",RESNIK neusklađeno,5715040687,"sjeverno od parka i igrališta , nasuprot kbr 11",GNSS,16.0708179689071,45.8305548741028
Isce kod kbr. 15,Podsljeme,Viktorija zdenac,u funkciji,DA,uređena lokacija,GRAD ZAGREB,"Gradski ured za obnovu, izgradnju, prostorno uređenje, graditeljstvo i komunalne poslove",GRAČANI neusklađeno,2603337,"unutar igralista (zapadno), sjeverno od kbr 15 (Pučka škola); izvorno SKI lokacija",GNSS,15.9700811654,45.8558965081034
"Trg Ivana Kukuljevića, sjeverna strana",Stenjevec,Viktorija zdenac,u funkciji,DA,uređena lokacija,GRAD ZAGREB,"Gradski ured za obnovu, izgradnju, prostorno uređenje, graditeljstvo i komunalne poslove",DONJE VRAPČE 4219/6,2640772,sjeverna strana Trga Ivana Kukuljevića,GNSS,15.8960590865246,45.8057204363906
"Savudrijska ulica, kod križanja sa Sovinjačkom ",Peščenica - Žitnjak,Viktorija zdenac,u funkciji,DA,uređena lokacija,GRAD ZAGREB,"Gradski ured za obnovu, izgradnju, prostorno uređenje, graditeljstvo i komunalne poslove",GRAD ZAGREB 7325/1,2362469,krizanje Savudrijske i Sovinjačke; izvorno SKI lokacija,GNSS,16.0413706492616,45.8090544465872
Park Bartula Kašića - uz ogradu dječjeg parka,Donji grad,Viktorija zdenac,u funkciji,DA,uređena lokacija,GRAD ZAGREB,"Gradski ured za obnovu, izgradnju, prostorno uređenje, graditeljstvo i komunalne poslove",CENTAR NOVI 6480/1,5416860067,,GNSS,15.9970064797527,45.8118112909066
Park Stara Trešnjevka - uz ogradu dječjeg parka,Trešnjevka - sjever,Viktorija zdenac,u funkciji,DA,uređena lokacija,GRAD ZAGREB,"Gradski ured za obnovu, izgradnju, prostorno uređenje, graditeljstvo i komunalne poslove",GRAD ZAGREB 4785/3,2119103,uz Park Stara Trešnjevka (juzni ulaz),GNSS,15.9494144196122,45.7979884761935
Vladimira Varićaka kod kbr. 5,Novi Zagreb - istok,Viktorija zdenac,u funkciji,DA,uređena lokacija,GRAD ZAGREB,"Gradski ured za obnovu, izgradnju, prostorno uređenje, graditeljstvo i komunalne poslove",ZAPRUDSKI OTOK 1731/2,2159179,izvorno SKI lokacija,GNSS,15.988587435773,45.7656011202186
Vladimira Stahuljaka kod kbr. 1 - uz igralište,Sesvete,Viktorija zdenac,u funkciji,DA,uređena lokacija,GRAD ZAGREB,"Gradski ured za obnovu, izgradnju, prostorno uređenje, graditeljstvo i komunalne poslove",SESVETE NOVO 3661/62,1966488,zapadno od igrališta,GNSS,16.1066023099025,45.8116764728423
"Ulica Franje Fuisa kod kbr. 6, park uz potok",Trešnjevka - jug,Viktorija zdenac,u funkciji,DA,uređena lokacija,GRAD ZAGREB,"Gradski ured za obnovu, izgradnju, prostorno uređenje, graditeljstvo i komunalne poslove",GRAD ZAGREB neusklađeno,19373024,"sjeverozapadni dio igrališta, uz potok",GNSS,15.9383676524859,45.7868514436346
Trg Krešimira Ćosića kod kbr. 1,Trešnjevka - sjever,Viktorija zdenac,u funkciji,DA,uređena lokacija,GRAD ZAGREB,"Gradski ured za obnovu, izgradnju, prostorno uređenje, graditeljstvo i komunalne poslove",TREŠNJEVKA NOVA 584/1,19373321,istočni dio Trga Krešimira Ćosića (nasuprot kbr 1 Metalčeva ulica),GNSS,15.9526480632404,45.8063316229488
Park Tomislava Ivčića - južno uz stazu,Donja Dubrava,Viktorija zdenac,u funkciji,DA,uređena lokacija,GRAD ZAGREB,"Gradski ured za obnovu, izgradnju, prostorno uređenje, graditeljstvo i komunalne poslove",RESNIK 2032/37,19373362,u sklopu Parka Tomislava Ivčića; izvorno SKI lokacija,GNSS,16.049730068771,45.8168039833485
Brezovička cesta 100,Brezovica,Viktorija zdenac,nije u funkciji,DA,uređena lokacija,GRAD ZAGREB,"Gradski ured za obnovu, izgradnju, prostorno uređenje, graditeljstvo i komunalne poslove",BREZOVICA 2332/1,? Nije izdan račun,"uz poštu, preko puta autobusne stanice",GNSS,15.9075755741544,45.7241629467747
Park Tuškanac,Gornji grad - Medveščak,Viktorija zdenac,nije u funkciji,DA,uređena lokacija,GRAD ZAGREB,"Gradski ured za obnovu, izgradnju, prostorno uređenje, graditeljstvo i komunalne poslove",GRAD ZAGREB neusklađeno,? Nije izdan račun,točnije prema zapisniku s označenom pozicijom zdenca pored javnog toaleta,GNSS,15.9690820540848,45.8221706660049
Trg Dragutina Domjanića kod kbr. 5,Sesvete,Viktorija zdenac,u funkciji,DA,uređena lokacija,GRAD ZAGREB,"Gradski ured za obnovu, izgradnju, prostorno uređenje, graditeljstvo i komunalne poslove",SESVETE NOVO 2524/2,11118387,nasuprot Muzeja (kbr 5),GNSS,16.1101792866753,45.8270065836559
Perivoj Ivane Brlić Mažuranić - sjeverozapadni ulaz,Donja Dubrava,Viktorija zdenac,u funkciji,DA,uređena lokacija,GRAD ZAGREB,"Gradski ured za obnovu, izgradnju, prostorno uređenje, graditeljstvo i komunalne poslove",GRANEŠINA 3039/75,? Nije izdan račun,sjeverozapadni ulaz u Perivoj Ivane B. M.,GNSS,16.047902898285,45.8252084248198
"Ulica Klin, zapadno od nogometnog igrališta",Gornja Dubrava,Viktorija zdenac,u funkciji,DA,uređena lokacija,GRAD ZAGREB,"Gradski ured za obnovu, izgradnju, prostorno uređenje, graditeljstvo i komunalne poslove",RESNIK 3567/19,11118490,sa zapadne strane nogometnog igrališta,GNSS,16.0681183281731,45.8358889597824
"Park 149 brigade Hrvatske vojske, južni ulaz u park",Trešnjevka - jug,Viktorija zdenac,u funkciji,DA,uređena lokacija,GRAD ZAGREB,"Gradski ured za obnovu, izgradnju, prostorno uređenje, graditeljstvo i komunalne poslove",VRAPČE 1671/7,11118388,juzni ulaz u park ,GNSS,15.9350227619824,45.7890016779642
Trg hrvatskih pavlina - kod ulaza u gimnaziju,Stenjevec,Viktorija zdenac,u funkciji,DA,uređena lokacija,GRAD ZAGREB,"Gradski ured za obnovu, izgradnju, prostorno uređenje, graditeljstvo i komunalne poslove",STENJEVEC 51/59,11119369,"jugozapadno od gimnazije Lucijana Vranjanina. pokvareno (curi sa strane), treba popravak!",GNSS,15.8915534398892,45.810095338289
Školsko igralište OŠ Trnsko,Novi Zagreb - zapad,Viktorija zdenac,treba teren,DA,uređena lokacija,GRAD ZAGREB,"Gradski ured za obnovu, izgradnju, prostorno uređenje, graditeljstvo i komunalne poslove",KLARA 1445/1,? Nije izdan račun,"(potreban popravak!, curi) sjeveroistocno od igralista ",GNSS,15.9628974617954,45.7749505418414
Park Otti Berger - uz neboder u Ulici Ivana Rendića kbr. 23,Maksimir,Viktorija zdenac,u funkciji,DA,uređena lokacija,GRAD ZAGREB,"Gradski ured za obnovu, izgradnju, prostorno uređenje, graditeljstvo i komunalne poslove",GRAD ZAGREB 1890/1,? Nije izdan račun,08/08/2024 mailom poslana obavijest da je u funkciji,GNSS,16.0054867563913,45.8186298315423
Zelinska ulica 5 - uz zapadnu ogradu parka,Trnje,Viktorija zdenac,nije u funkciji,DA,uređena lokacija,GRAD ZAGREB,"Gradski ured za obnovu, izgradnju, prostorno uređenje, graditeljstvo i komunalne poslove",TRNJE 530/3,? Nije izdan račun,"uz zapadnu ogradu parka , Zelinska ulica ",GNSS,15.9725620151412,45.80172792384
Ulica sv. Mateja 107 - zelena površina uz stazu,Novi Zagreb - istok,Viktorija zdenac,u funkciji,DA,uređena lokacija,GRAD ZAGREB,"Gradski ured za obnovu, izgradnju, prostorno uređenje, graditeljstvo i komunalne poslove",ZAPRUDSKI OTOK 1330/2,11119368,izvorno SKI lokacija,GNSS,16.0000526390757,45.7647301154394
Rokov perivoj 4,Gornji grad - Medveščak,Viktorija zdenac,u funkciji,DA,uređena lokacija,GRAD ZAGREB,"Gradski ured za obnovu, izgradnju, prostorno uređenje, graditeljstvo i komunalne poslove",GRAD ZAGREB 1218/1,? Nije izdan račun,"Rokov perivoj, nasuprot kućnog broja 4",GNSS,15.9676254069118,45.8151128315054
Čerinina ulica kod kbr. 13,Peščenica - Žitnjak,Viktorija zdenac,u funkciji,DA,uređena lokacija,GRAD ZAGREB,"Gradski ured za obnovu, izgradnju, prostorno uređenje, graditeljstvo i komunalne poslove",GRAD ZAGREB 2046/11,11118292,"zapadno od parka , nasuprot kbr Čerinina 13",GNSS,16.0072397857233,45.8108525350585
Trg Francuske Republike (zapadni dio parka preko puta k.br.9),Črnomerec,Viktorija zdenac,nije u funkciji,DA,uređena lokacija,GRAD ZAGREB,"Gradski ured za obnovu, izgradnju, prostorno uređenje, graditeljstvo i komunalne poslove",GRAD ZAGREB 5224,? Nije izdan račun,jugozapadno od igralista,GNSS,15.9536286420027,45.8103403625423
Okretište Savski most,Trešnjevka - jug,Viktorija zdenac,u funkciji,DA,uređena lokacija,GRAD ZAGREB,"Gradski ured za obnovu, izgradnju, prostorno uređenje, graditeljstvo i komunalne poslove",GRAD ZAGREB 6016/81,11118447,okretište Savski most (zapadna strana),GNSS,15.9523697079872,45.7850684629692
"Križanje Šubićeve i Martićeve ulice, južni ulaz na tržnicu Kvaternikov trg",Donji grad,Vindabona,u funkciji,DA,uređena lokacija,GRAD ZAGREB,Tržnice Zagreb,CENTAR NOVI 6481/2,,izgrađen zdenac pitke vode,GNSS,15.9956713866441,45.8128057412384
"Grgura Ninskog-Miramarski podvožnjak, adrenalinski park sa spravama",Donji grad,Pojilica,u funkciji,DA,uređena lokacija,GRAD ZAGREB,"Gradski ured za obnovu, izgradnju, prostorno uređenje, graditeljstvo i komunalne poslove",CENTAR NOVI 2945,,Adrenalinski park sa spravama za vježbanje,GNSS,15.9747544306177,45.8045917550948
Breznička I. - Kruge,Trnje,Viktorija zdenac,u funkciji,DA,uređena lokacija,GRAD ZAGREB,Nepoznato,TRNJE 1800/1,,nasuprot Breznicka kbr. 1,GNSS,15.9861348992349,45.799304470219
Pile I. - Kruge,Trnje,Viktorija zdenac,u funkciji,DA,uređena lokacija,GRAD ZAGREB,Nepoznato,TRNJE 5549/1,,krizanje ulice Kruge i ulica Pile I.,GNSS,15.9907486394494,45.7956311526271
Sprečka ulica 33A - u parku,Trnje,Viktorija zdenac,u funkciji,DA,uređena lokacija,GRAD ZAGREB,Nepoznato,TRNJE 5605,,"zapadni dio parkića, ispod Slavonske avenije . Sprečka 33A",GNSS,15.9826472117098,45.795230986989
"Trg Nikole Šubića Zrinskog (Zrinjevac), jugoistocno od paviljona ",Donji grad,Viktorija zdenac,u funkciji,DA,uređena lokacija,GRAD ZAGREB,"Gradski ured za obnovu, izgradnju, prostorno uređenje, graditeljstvo i komunalne poslove",CENTAR NOVI 2432/1,,"na Trgu Nikole Šubića Zrinskog (Zrinjevac) , jugoistocno od paviljona -14,8 metara",GNSS,15.9785051708148,45.8103558596749
Radonjska ulica kod kbr. 9,Trnje,Viktorija zdenac,u funkciji,DA,uređena lokacija,GRAD ZAGREB,Nepoznato,TRNJE 5514,,"nasuprot kucnog broja 9, Radonjska ulica ",GNSS,15.9664960725418,45.8013879458333
Savica Prisavlje - piknik park,Trnje,Viktorija zdenac,u funkciji,DA,uređena lokacija,GRAD ZAGREB,"Gradski ured za obnovu, izgradnju, prostorno uređenje, graditeljstvo i komunalne poslove",TRNJE 5436/2,,"sjeverno od nasipa, na juznom dijelu parka ",GNSS,15.9971378980165,45.7885103023327
Savica Prisavlje - piknik park,Trnje,Viktorija zdenac,u funkciji,DA,uređena lokacija,GRAD ZAGREB,"Gradski ured za obnovu, izgradnju, prostorno uređenje, graditeljstvo i komunalne poslove",TRNJE 5437/2,,izvorno SKI lokacija,GNSS,15.9983826441472,45.7883266721267
Savica Prisavlje - piknik park,Trnje,Viktorija zdenac,u funkciji,DA,uređena lokacija,GRAD ZAGREB,"Gradski ured za obnovu, izgradnju, prostorno uređenje, graditeljstvo i komunalne poslove",TRNJE 5441/3,,izvorno SKI lokacija,GNSS,15.9989959088464,45.7880043555248
Savica Prisavlje - piknik park,Trnje,Viktorija zdenac,u funkciji,DA,uređena lokacija,GRAD ZAGREB,"Gradski ured za obnovu, izgradnju, prostorno uređenje, graditeljstvo i komunalne poslove",TRNJE 5440/1,,uz sjevernu ogradu izvan parka za pse ,GNSS,15.9997031341821,45.7888708203377
Šoltanska ulica kod kbr. 17,Trnje,Viktorija zdenac,u funkciji,DA,uređena lokacija,GRAD ZAGREB,Nepoznato,TRNJE 5582,,preko puta kucnog broja 17 (Šoltanska ulica),GNSS,15.9982676169219,45.7981647115462
Groblje Mirogoj - jug,Gornji grad - Medveščak,Viktorija zdenac,u funkciji,DA,uređena lokacija,GRAD ZAGREB,Gradska groblja Zagreb,GRAD ZAGREB 8398/1,,izvorno SKI lokacija,GNSS,15.9894089129953,45.8331599667715
Križanje ulice Pile II. i ulice Pile I.,Trnje,Viktorija zdenac,u funkciji,DA,uređena lokacija,GRAD ZAGREB,Nepoznato,TRNJE 5593/1,,krizanje ulice Pile II. i ulice Pile I.,GNSS,15.9917574198545,45.796068761912
Park Maksimir - uz glavni ulaz,Maksimir,Viktorija zdenac,u funkciji,DA,uređena lokacija,GRAD ZAGREB,Nepoznato,GRAD ZAGREB 7787/2,,"glavni ulaz u park na lijevu stranu , uz javnu ustanovu kbr 1",GNSS,16.0154196515544,45.8201355612181
Ravnice školsko igralište - Aleja Antuna Augustinčića kod kbr. 8,Maksimir,Vindabona,u funkciji,DA,uređena lokacija,GRAD ZAGREB,Nepoznato,GRAD ZAGREB 7705/450,,na sportskim terenima uz školsko igralište,GNSS,16.0248136483395,45.8182028645024
Trnjanska cesta nasuprot kbr 117. - uz nasip,Trnje,Viktorija zdenac,u funkciji,DA,uređena lokacija,GRAD ZAGREB,"Gradski ured za obnovu, izgradnju, prostorno uređenje, graditeljstvo i komunalne poslove",TRNJE 5776,,"uz nasip,  nasuprot kucnog broja 117 (Trnjanska cesta)",GNSS,15.9800417382842,45.7907029381217
Savica Prisavlje - park za pse,Trnje,Viktorija zdenac,u funkciji,DA,uređena lokacija,GRAD ZAGREB,"Gradski ured za obnovu, izgradnju, prostorno uređenje, graditeljstvo i komunalne poslove",TRNJE 5440/1,,u parku za pse ,GNSS,15.9996728302458,45.7887588606595
Šetalište 150. brigade Hrvatske vojske,Stenjevec,Pojilica,u funkciji,DA,uređena lokacija,GRAD ZAGREB,Gradsko stambeno-komunalno gospodarstvo d.o.o.,DONJE VRAPČE 4986/89,,"unutar parka, sjeverno od dječjeg igrališta",GNSS,15.9073175982003,45.7974982350225
Okretište Dubrava,Gornja Dubrava,Pojilica,u funkciji,DA,uređena lokacija,GRAD ZAGREB,Gradsko stambeno-komunalno gospodarstvo d.o.o.,GRANEŠINA neusklađeno,,okretiste Dubrava; dodano s Open Street Map,GNSS,16.0367792660649,45.8243492075742
Trnsko - tržnica,Novi Zagreb - zapad,Vindabona,u funkciji,DA,uređena lokacija,GRAD ZAGREB,Tržnice Zagreb,KLARA 1543/6,,"tržnica Trnsko, jedna slavina radi druga ne ",GNSS,15.9641471636618,45.7721057134341
Galovačka ulica,Trnje,Viktorija zdenac,u funkciji,DA,uređena lokacija,GRAD ZAGREB,Nepoznato,TRNJE 661,,nasuprot kbr 13 i 15 ( Galovačka ulica),GNSS,15.9698124058561,45.800288471137
Kruge kod kbr. 29 ,Trnje,Viktorija zdenac,u funkciji,DA,uređena lokacija,GRAD ZAGREB,Nepoznato,TRNJE 5549/1,,Kruge kod kbr. 29 - dodano s Open Street Maps,GNSS,15.9898396738965,45.7965363072231
Zvornička ulica - istočna strana tržnice Trešnjevka,Trešnjevka - sjever,Pojilica,u funkciji,DA,uređena lokacija,GRAD ZAGREB,Tržnice Zagreb,GRAD ZAGREB 4714/1,,,GNSS,15.9540358280659,45.7991373785357
Tržnica Špansko - Ulica Dobriše Cesarića,Stenjevec,Ostalo,u funkciji,DA,uređena lokacija,GRAD ZAGREB,Tržnice Zagreb,DONJE VRAPČE 5170,,sredina tržnice Špansko (unutar nadstrešnice),GNSS,15.898552259174,45.8024201580398
Tržnica Kustošija,Črnomerec,Viktorija zdenac,u funkciji,DA,uređena lokacija,GRAD ZAGREB,Tržnice Zagreb,VRAPČE NOVO 2284/1,,na južnom dijelu tržnice ,GNSS,15.9288244041162,45.8139265949721
Slavonska avenija kod HRT,Trnje,Viktorija zdenac,u funkciji,DA,uređena lokacija,GRAD ZAGREB,Nepoznato,TRNJE 5626,,nasuprot kbr 132 Miramarska cesta ,GNSS,15.9723899417477,45.7938901100255
Trnjanska struga južno od zgrade HRT ,Trnje,Viktorija zdenac,u funkciji,DA,uređena lokacija,GRAD ZAGREB,Nepoznato,TRNJE 5775,,nasuprot kbr 24 Trnjanska struga,GNSS,15.975052489948,45.7917058765599
Ulica Prudi kod kbr. 26A ,Trnje,Viktorija zdenac,u funkciji,DA,uređena lokacija,GRAD ZAGREB,Nepoznato,TRNJE 5662/1,,ispred kućnog broja 26 ulica Prudi ,GNSS,15.9776003072403,45.7921181080949
Jarun,Trešnjevka - jug,Pojilica,u funkciji,DA,uređena lokacija,GRAD ZAGREB,Ustanova Upravljanje sportskim objektima,DONJE VRAPČE 7362,,drinking_fountain - dodano s Open Street Map,GNSS,15.9105337546608,45.7815071886105
Jarun,Trešnjevka - jug,Pojilica,u funkciji,DA,uređena lokacija,GRAD ZAGREB,Ustanova Upravljanje sportskim objektima,DONJE VRAPČE 7362,,jugozapadna strana jezera; približno prema Open Street Map,GNSS,15.9132066366875,45.7789577848684
Jarun,Trešnjevka - jug,Pojilica,u funkciji,DA,uređena lokacija,GRAD ZAGREB,Ustanova Upravljanje sportskim objektima,DONJE VRAPČE 7362,,jugozapadna strana jezera; približno prema Open Street Map,GNSS,15.914425736865,45.7800888800187
Jarun,Trešnjevka - jug,Pojilica,u funkciji,DA,uređena lokacija,GRAD ZAGREB,Ustanova Upravljanje sportskim objektima,VRAPČE neusklađeno,,sjeverna strana Malog jezera; približno prema Open Street Map,GNSS,15.9329054000369,45.7805067620623
Jarun,Trešnjevka - jug,Pojilica,u funkciji,DA,uređena lokacija,GRAD ZAGREB,Ustanova Upravljanje sportskim objektima,DONJE VRAPČE 7365,,"sa sjeverne strane jezera, nasuprot tribina na veslačkoj stazi; približno prema Open Street Map",GNSS,15.9167654663907,45.7858627163896
Jarun,Trešnjevka - jug,Pojilica,u funkciji,DA,uređena lokacija,GRAD ZAGREB,Ustanova Upravljanje sportskim objektima,DONJE VRAPČE 7365,,sjeverna strana jezera nasuprot tribina na veslačkoj stazi; približno prema Open Street Map,GNSS,15.9146763091925,45.7867864296527
Jarun,Trešnjevka - jug,Pojilica,u funkciji,DA,uređena lokacija,GRAD ZAGREB,Ustanova Upravljanje sportskim objektima,VRAPČE neusklađeno,,sjeverna strana Malog jezera; približno prema Open Street Map,GNSS,15.934711871944,45.7810267915032
Jarun,Trešnjevka - jug,Pojilica,u funkciji,DA,uređena lokacija,GRAD ZAGREB,Ustanova Upravljanje sportskim objektima,VRAPČE neusklađeno,,uz Malo jezero za istocne strane; približno prema Open Street Map,GNSS,15.9367861195675,45.7804898756344
Jarun,Trešnjevka - jug,Pojilica,u funkciji,DA,uređena lokacija,GRAD ZAGREB,Ustanova Upravljanje sportskim objektima,VRAPČE neusklađeno,,istočna strana u odnosu na jezero; približno prema Open Street Map,GNSS,15.9371991744557,45.7793131635617
Jarun,Trešnjevka - jug,Pojilica,u funkciji,DA,uređena lokacija,GRAD ZAGREB,Ustanova Upravljanje sportskim objektima,DONJE VRAPČE 7362,,jugozapadni dio jezera; približno prema Open Street Map,GNSS,15.9128144854405,45.7806263037161
Jarun,Trešnjevka - jug,Pojilica,u funkciji,DA,uređena lokacija,GRAD ZAGREB,Ustanova Upravljanje sportskim objektima,DONJE VRAPČE 7356,,otok Tresnjevka u Jarunskom kompleksu; približno prema Open Street Map,GNSS,15.9192296839878,45.7824220802214
I. Kozari put na križanju s Kozari,Peščenica - Žitnjak,Viktorija zdenac,u funkciji,DA,uređena lokacija,GRAD ZAGREB,Nepoznato,GRAD ZAGREB 6950/1,,raskrizje I. Kozari put i Kozari; približno prema Open Street Map,GNSS,16.0523571390343,45.7919150314022
Jakuševečka ulica uz crkvu i groblje Jakuševec,Novi Zagreb - istok,Ostalo,u funkciji,DA,uređena lokacija,GRAD ZAGREB,Gradska groblja Zagreb,JAKUŠEVEC 1153/2,,"unutar groblja Jakuševec, sjeverno od mrtvačnice; približno prema Open Street Map",GNSS,16.0201882534129,45.7579909487743
Križanje Japranska ulica - Paromliska cesta,Trnje,Viktorija zdenac,u funkciji,DA,uređena lokacija,GRAD ZAGREB,Nepoznato,TRNJE 5532,,Paromlinska - Japranska ulica (križanje); približno prema Open Street Map,GNSS,15.9770746019213,45.7979368282882
Bosutska - Sprečka na križanju,Trnje,Viktorija zdenac,u funkciji,DA,uređena lokacija,GRAD ZAGREB,"Gradski ured za obnovu, izgradnju, prostorno uređenje, graditeljstvo i komunalne poslove",TRNJE 5547/1,,dodano s Open Street Map,GNSS,15.9825917393699,45.797046842326
Okretište Dubec,Gornja Dubrava,Pojilica,u funkciji,DA,uređena lokacija,GRAD ZAGREB,Gradsko stambeno-komunalno gospodarstvo d.o.o.,RESNIK	3642/1,,okretiste Dubec; približna po Google Street View,GNSS,16.0771665399846,45.8278885699315
Groblje Miroševac,Gornja Dubrava,Ostalo,u funkciji,DA,uređena lokacija,GRAD ZAGREB,Gradska groblja Zagreb,GRANEŠINA 9609/1,,drinking_water; dodano s Open Street Map,GNSS,16.0399609387272,45.8435542810034
Groblje Mirogoj,Gornji grad - Medveščak,Viktorija zdenac,u funkciji,DA,uređena lokacija,GRAD ZAGREB,Gradska groblja Zagreb,GRAD ZAGREB 8400/1,,"drinking_water; dodano s Open Street Map, kod glavnog ulaza",GNSS,15.9839918449366,45.835921584612
Krematorij,Gornji grad - Medveščak,Viktorija zdenac,u funkciji,DA,uređena lokacija,GRAD ZAGREB,Gradska groblja Zagreb,GRAD ZAGREB	8332/1,,"kraj kružnog trga, drinking_water; dodano s Open Street Map",GNSS,15.9877316255707,45.8428494263743
Groblje Mirogoj,Gornji grad - Medveščak,Viktorija zdenac,u funkciji,DA,uređena lokacija,GRAD ZAGREB,Gradska groblja Zagreb,GRAD ZAGREB 8398/1,,"drinking_water; dodano s Open Street Map, na kraju arkada",GNSS,15.9841513489422,45.8326560342106
Groblje Mirogoj,Gornji grad - Medveščak,Viktorija zdenac,u funkciji,DA,uređena lokacija,GRAD ZAGREB,Gradska groblja Zagreb,GRAD ZAGREB 8398/1,,drinking_water; dodano s Open Street Map,GNSS,15.9915837876628,45.8328496446664
Groblje Mirogoj,Gornji grad - Medveščak,Viktorija zdenac,u funkciji,DA,uređena lokacija,GRAD ZAGREB,Gradska groblja Zagreb,GRAD ZAGREB 8398/1,,,GNSS,15.9840707287853,45.8371556896273
Groblje Mirogoj,Gornji grad - Medveščak,Viktorija zdenac,u funkciji,DA,uređena lokacija,GRAD ZAGREB,Gradska groblja Zagreb,GRAD ZAGREB 8398/1,,,GNSS,15.9856250804194,45.8383422154774
Groblje Miroševac,Gornja Dubrava,Viktorija zdenac,u funkciji,DA,uređena lokacija,GRAD ZAGREB,Gradska groblja Zagreb,GRANEŠINA 9609/1,,"kod zapadnog ulaza, preko puta crkve",GNSS,16.0387660522448,45.8449813266555
Groblje Mirogoj,Gornji grad - Medveščak,Viktorija zdenac,u funkciji,DA,uređena lokacija,GRAD ZAGREB,Gradska groblja Zagreb,GRAD ZAGREB 8398/1,,,GNSS,15.990211813809,45.8341387640014
Groblje Mirogoj,Gornji grad - Medveščak,Viktorija zdenac,u funkciji,DA,uređena lokacija,GRAD ZAGREB,Gradska groblja Zagreb,GRAD ZAGREB 8398/1,,,GNSS,15.9885490892158,45.8360137783937
Groblje Mirogoj,Gornji grad - Medveščak,Viktorija zdenac,u funkciji,DA,uređena lokacija,GRAD ZAGREB,Gradska groblja Zagreb,GRAD ZAGREB 8398/1,,,GNSS,15.9859043483767,45.8388220441123
Groblje Mirogoj,Gornji grad - Medveščak,Viktorija zdenac,u funkciji,DA,uređena lokacija,GRAD ZAGREB,Gradska groblja Zagreb,GRAD ZAGREB 8398/1,,,GNSS,15.9835954495994,45.8390452363043
Groblje Mirogoj,Gornji grad - Medveščak,Viktorija zdenac,u funkciji,DA,uređena lokacija,GRAD ZAGREB,Gradska groblja Zagreb,GRAD ZAGREB 8398/1,,srednji ulaz u nove arkade uz Rrmetsku cestu,GNSS,15.9823720541191,45.8402072962682
Groblje Mirogoj,Gornji grad - Medveščak,Viktorija zdenac,u funkciji,DA,uređena lokacija,GRAD ZAGREB,Gradska groblja Zagreb,GRAD ZAGREB 8398/1,,"na polju 120, križ na polju 121 i pano na polju 132",GNSS,15.9837468444096,45.8416296783549
Groblje Mirogoj,Gornji grad - Medveščak,Viktorija zdenac,u funkciji,DA,uređena lokacija,GRAD ZAGREB,Gradska groblja Zagreb,GRAD ZAGREB 8398/1,,uz stepenice i pokraj polja 156,GNSS,15.986386666699,45.8410699999264
Groblje Mirogoj,Gornji grad - Medveščak,Viktorija zdenac,u funkciji,DA,uređena lokacija,GRAD ZAGREB,Gradska groblja Zagreb,GRAD ZAGREB 8398/1,,"pokraj polja 153, iznad krematorija",GNSS,15.9844145885073,45.8435365686628
Krematorij,Gornji grad - Medveščak,Viktorija zdenac,u funkciji,DA,uređena lokacija,GRAD ZAGREB,Gradska groblja Zagreb,GRAD ZAGREB 8332/1,,pokraj krematorija,GNSS,15.9845140174333,45.843734521204
Krematorij,Gornji grad - Medveščak,Viktorija zdenac,u funkciji,DA,uređena lokacija,GRAD ZAGREB,Gradska groblja Zagreb,GRAD ZAGREB 8332/1,,"ispod uzidanih kazeta, ispod krematorija",GNSS,15.9848379328579,45.8440852445691
Krematorij,Gornji grad - Medveščak,Viktorija zdenac,u funkciji,DA,uređena lokacija,GRAD ZAGREB,Gradska groblja Zagreb,GRAD ZAGREB 8332/1,,polje 34,GNSS,15.9851245695479,45.8445376192609
Krematorij,Gornji grad - Medveščak,Viktorija zdenac,u funkciji,DA,uređena lokacija,GRAD ZAGREB,Gradska groblja Zagreb,GRAD ZAGREB 8332/1,,u šumi ispod krematorija,GNSS,15.9858168349291,45.8441467364427
Krematorij,Maksimir,Viktorija zdenac,u funkciji,DA,uređena lokacija,GRAD ZAGREB,Gradska groblja Zagreb,GRAD ZAGREB 8332/1,,polje 22a,GNSS,15.9862520531425,45.8446271034319
Krematorij,Gornji grad - Medveščak,Viktorija zdenac,u funkciji,DA,uređena lokacija,GRAD ZAGREB,Gradska groblja Zagreb,GRAD ZAGREB 8332/1,,polje 44,GNSS,15.986629156572,45.8440275226155
Krematorij,Maksimir,Viktorija zdenac,u funkciji,DA,uređena lokacija,GRAD ZAGREB,Gradska groblja Zagreb,GRAD ZAGREB 8332/1,,polje 41,GNSS,15.987490052012,45.8440889737924
Krematorij,Maksimir,Viktorija zdenac,u funkciji,DA,uređena lokacija,GRAD ZAGREB,Gradska groblja Zagreb,GRAD ZAGREB 8332/1,,,GNSS,15.9877945126693,45.8435175955765
Krematorij,Maksimir,Viktorija zdenac,u funkciji,DA,uređena lokacija,GRAD ZAGREB,Gradska groblja Zagreb,GRAD ZAGREB 8332/1,,polje 47,GNSS,15.9874871595381,45.8430776326746
Krematorij,Maksimir,Viktorija zdenac,u funkciji,DA,uređena lokacija,GRAD ZAGREB,Gradska groblja Zagreb,GRAD ZAGREB 8332/1,,polje 43,GNSS,15.9873451393189,45.8434242606131
Krematorij,Gornji grad - Medveščak,Viktorija zdenac,u funkciji,DA,uređena lokacija,GRAD ZAGREB,Gradska groblja Zagreb,GRAD ZAGREB 8332/1,,polje 42,GNSS,15.9867939082295,45.8435980640419
Krematorij,Maksimir,Viktorija zdenac,u funkciji,DA,uređena lokacija,GRAD ZAGREB,Gradska groblja Zagreb,GRAD ZAGREB 8332/1,,polje 43 (ima 2 zdenca na polju 43),GNSS,15.9870608901666,45.843750202646
Krematorij,Gornji grad - Medveščak,Viktorija zdenac,u funkciji,DA,uređena lokacija,GRAD ZAGREB,Gradska groblja Zagreb,GRAD ZAGREB 8332/1,,polje 4,GNSS,15.9853698244986,45.8453007112383
Krematorij,Maksimir,Viktorija zdenac,u funkciji,DA,uređena lokacija,GRAD ZAGREB,Gradska groblja Zagreb,GRAD ZAGREB 8332/1,,polje 11,GNSS,15.9853944717209,45.8460192774354
Krematorij,Gornji grad - Medveščak,Viktorija zdenac,u funkciji,DA,uređena lokacija,GRAD ZAGREB,Gradska groblja Zagreb,GRAD ZAGREB 8332/1,,polje 3,GNSS,15.9847784032731,45.8455577433938
Krematorij,Gornji grad - Medveščak,Viktorija zdenac,u funkciji,DA,uređena lokacija,GRAD ZAGREB,Gradska groblja Zagreb,GRAD ZAGREB 8332/1,,polje 2,GNSS,15.9842121751172,45.8456654671021
Krematorij,Maksimir,Viktorija zdenac,u funkciji,DA,uređena lokacija,GRAD ZAGREB,Gradska groblja Zagreb,GRAD ZAGREB 8332/1,,polje 16a,GNSS,15.9841760513818,45.8465204102503
Krematorij,Gornji grad - Medveščak,Viktorija zdenac,u funkciji,DA,uređena lokacija,GRAD ZAGREB,Gradska groblja Zagreb,GRAD ZAGREB 8332/1,,na dnu stepenica ispod krematorija,GNSS,15.9837934873299,45.8452544239369
Krematorij,Gornji grad - Medveščak,Viktorija zdenac,u funkciji,DA,uređena lokacija,GRAD ZAGREB,Gradska groblja Zagreb,GRAD ZAGREB 8332/1,,"ispod krematorija, preko puta polja 5 i 5a",GNSS,15.9832697790414,45.8454769143059
Dječji trg kod kbr. 1,Stenjevec,Pojilica,u funkciji,DA,uređena lokacija,GRAD ZAGREB,Gradsko stambeno-komunalno gospodarstvo d.o.o.,DONJE VRAPČE 4986/56,,"sredina Djecjeg trga, voda malo curi (treba popravak)",GNSS,15.9043738873101,45.7991678145227
Lonjšćina kod kbr. 22,Podsljeme,Viktorija zdenac,u funkciji,DA,uređena lokacija,GRAD ZAGREB,Nepoznato,GRAČANI 193,,ispred kbr 22 Lonscinjska,GNSS,15.9730801909793,45.8616754975813
SRC Svetice,Maksimir,Viktorija zdenac,u funkciji,DA,uređena lokacija,GRAD ZAGREB,Ustanova Upravljanje sportskim objektima,GRAD ZAGREB 7696/1,,"SRC Svetice, sjeverno od staze za trčanje",GNSS,16.0140936250674,45.8181491236122
Ivekovićeva ulica - s južne strane vježbališta kod kbr. 4,Peščenica - Žitnjak,Viktorija zdenac,u funkciji,DA,treba teren,GRAD ZAGREB,"Gradski ured za obnovu, izgradnju, prostorno uređenje, graditeljstvo i komunalne poslove",GRAD ZAGREB 7460/1,,"Ivekovićeva ulica, s južne strane vježbališta i dječjeg igrališta",Mobitel,16.0198008315693,45.8012022768757
Groblje Čučerje,Gornja Dubrava,Viktorija zdenac,u funkciji,DA,uređena lokacija,GRAD ZAGREB,Gradska groblja,ČUČERJE NOVO 4219/6,,groblje Čučerje,GNSS,16.0585882691138,45.8932589062172
Groblje Čučerje,Gornja Dubrava,Viktorija zdenac,u funkciji,DA,uređena lokacija,GRAD ZAGREB,Gradska groblja,ČUČERJE NOVO 5821,,groblje Čučerje,GNSS,16.0571308196898,45.8926839245144
Park Emila Cossetta,Trešnjevka - jug,Viktorija zdenac,u funkciji,DA,uređena lokacija,GRAD ZAGREB,"Gradski ured za obnovu, izgradnju, prostorno uređenje, graditeljstvo i komunalne poslove",DONJE VRAPČE 5682/1,11297900,,GNSS,15.9017189536899,45.7948131892783
"dječje igralište, Ulica Rudolfa Ivankovića",Gornja Dubrava,Viktorija zdenac,u funkciji,DA,uređena lokacija,GRAD ZAGREB,"Gradski ured za obnovu, izgradnju, prostorno uređenje, graditeljstvo i komunalne poslove",RESNIK 3616/14,11296950,,GNSS,16.0787239653306,45.8304110276021
ulica Sitnice,Donja Dubrava,Viktorija zdenac,u funkciji,DA,uređena lokacija,GRAD ZAGREB,"Gradski ured za obnovu, izgradnju, prostorno uređenje, graditeljstvo i komunalne poslove",RESNIK 3169/74,11297914,sjeverno od dječjeg igrališta u Ulici Sitnice ,GNSS,16.0709719813416,45.8274976717355
"Spomen-park Dotrščina, ulaz Štefanovec",Podsljeme,Viktorija zdenac,u funkciji,DA,uređena lokacija,GRAD ZAGREB,"Gradski ured za obnovu, izgradnju, prostorno uređenje, graditeljstvo i komunalne poslove",KT-ZK neusklađeno,114549662,,GNSS,16.0283284039186,45.8423683150638
"Čret, Melinišće",Maksimir,Viktorija zdenac,,DA,,GRAD ZAGREB,"Gradski ured za obnovu, izgradnju, prostorno uređenje, graditeljstvo i komunalne poslove",,11295105,,GNSS,16.0207448524108,45.8408410019109
Rapska 39,Trnje,Viktorija zdenac,,DA,,GRAD ZAGREB,"Gradski ured za obnovu, izgradnju, prostorno uređenje, graditeljstvo i komunalne poslove",,11405009,,GNSS,16.003689610612,45.799249279728
Ulica potočnica,Sesvete,Viktorija zdenac,,DA,,GRAD ZAGREB,"Gradski ured za obnovu, izgradnju, prostorno uređenje, graditeljstvo i komunalne poslove",,11435592,,GNSS,16.0912455402786,45.831609018733
"Gata, Tišinska ulica IV. odvojak",Novi Zagreb - istok,Viktorija zdenac,,DA,,GRAD ZAGREB,"Gradski ured za obnovu, izgradnju, prostorno uređenje, graditeljstvo i komunalne poslove",,11404933,,GNSS,16.014308187305,45.7643911383419
Igralište Milekanska - Amerikanska ulica,Brezovica,Viktorija zdenac,,DA,,GRAD ZAGREB,"Gradski ured za obnovu, izgradnju, prostorno uređenje, graditeljstvo i komunalne poslove",,11435703,,GNSS,15.9304047449553,45.715445708519
Radmanovačka 39,Novi Zagreb - zapad,Viktorija zdenac,,DA,,GRAD ZAGREB,"Gradski ured za obnovu, izgradnju, prostorno uređenje, graditeljstvo i komunalne poslove",KLARA 1599/4,11404932,,GNSS,15.9701989208448,45.771249990482
Park kod križanja Selske i Prilaza baruna Filipovića,Črnomerec,Viktorija zdenac,,DA,,GRAD ZAGREB,"Gradski ured za obnovu, izgradnju, prostorno uređenje, graditeljstvo i komunalne poslove",,11132643,,GNSS,15.942344093779,45.812637625197
Dubravica 109a,Podsused - Vrapče,Viktorija zdenac,,DA,,GRAD ZAGREB,"Gradski ured za obnovu, izgradnju, prostorno uređenje, graditeljstvo i komunalne poslove",,11435593,,GNSS,15.8700047274854,45.8326478275227
"Trg dr. Franje Tuđmana, na sjevernom ulazu u park uz tramvajsku stanicu",Črnomerec,Viktorija zdenac,nije u funkciji,DA,uređena lokacija,GRAD ZAGREB,"Gradski ured za obnovu, izgradnju, prostorno uređenje, graditeljstvo i komunalne poslove",GRAD ZAGREB 5202/1,5737581618,"sjeveroistocni dio parka, uz tramvajsku stanicu (preko puta Ilice 156)",GNSS,15.9568417312098,45.8130085392504
Trg Eugena Kvaternika,Maksimir,TriBu 20,,DA,uređena lokacija,GRAD ZAGREB,"Gradski ured za obnovu, izgradnju, prostorno uređenje, graditeljstvo i komunalne poslove",CENTAR NOVI 5192,,,GNSS,15.9980159547913,45.8144068399985
"Park Travno, istočno od crkve",Novi Zagreb - istok,Viktorija zdenac,u funkciji,DA,uređena lokacija,GRAD ZAGREB,"Gradski ured za obnovu, izgradnju, prostorno uređenje, graditeljstvo i komunalne poslove",ZAPRUDSKI OTOK 1372/13,2463861,"juzna strana parka, istocno od crkve",GNSS,15.9968818780677,45.7708703569593
Fontane - Hrvatske bratske zajednice,Trnje,Pojilica,u funkciji,DA,uređena lokacija,GRAD ZAGREB,Vodotehnika d.d.,TRNJE D 1398,,"dva komada, jedan kraj drugug",GNSS,15.9793381630954,45.7973135011529
Fontane - Hrvatske bratske zajednice,Trnje,Pojilica,u funkciji,DA,uređena lokacija,GRAD ZAGREB,Vodotehnika d.d.,TRNJE D 1398,,"dodano s Open Street Map, dva komada jedan kraj drugog",GNSS,15.9791058051867,45.7966452872334
Podsusedski trg 1,Podsused - Vrapče,Viktorija zdenac,nije u funkciji,DA,uređena lokacija,GRAD ZAGREB,"Gradski ured za obnovu, izgradnju, prostorno uređenje, graditeljstvo i komunalne poslove",STENJEVEC 691/2,? Nije izdan račun,"ulaz u park, nasuprot kbr Podsusedski trg 1",GNSS,15.8355995328427,45.8169182511529
